CompanyName,BusinessDescription,FinancingRound,FinancingAmountUSD,Founders,LastRoundValuationUSD,LatestValuationUSD,InvestmentHighlights,DealTeamMember,InvestmentStatus
Fusion Robotics,Cloud-native cybersecurity platform,Pre-Seed,66000000,"Joan, Alice",330000000,410069151,High customer retention,Kim,Dead
Pulse Ventures,Digital health monitoring solution,Series C,145000000,"Olivia, Joan",1450000000,2079241697,Large TAM,Johnson,Dead
Nova Analytics,Digital health monitoring solution,Series A,54000000,"Amelia, Alice",378000000,446064750,High customer retention,Johnson,Investment Committee Voted
Strata Labs,AI-driven enterprise automation platform,Seed,119000000,"Amelia, Evelyn",1071000000,1276692125,Clear path to profitability,Smith,Investment Committee Voted
Zenith AI,Autonomous robotics for logistics,Series B,103000000,"Mia, Mason",618000000,911913685,Strong revenue growth,Smith,Initial Contact
Atlas Networks,Computer vision for retail,Pre-Seed,78000000,"Elijah, Sophia",546000000,791722794,Large TAM,Kim,Due Diligence
Zenith Energy,Fintech payment infrastructure,Series C,95000000,"Charlotte, Sophia",1045000000,1433064243,Strong revenue growth,Johnson,Due Diligence
Aurora Health,Generative AI content platform,Pre-Seed,94000000,"Mason, Joan",564000000,751195167,Strong revenue growth,Smith,Closed
Pioneer Solutions,Supply chain optimization software,Series B,22000000,"Noah, Benjamin",132000000,227801060,Clear path to profitability,Garcia,Initial Contact
Orion Dynamics,Digital health monitoring solution,Series A,63000000,"Harper, Ava",378000000,621064069,Experienced founding team,Wang,Dead
Pioneer Software,Generative AI content platform,Series A,118000000,"Evelyn, Mason",1416000000,2125221034,Experienced founding team,Johnson,Initial Contact
Cobalt Health,Generative AI content platform,Seed,144000000,"Sophia, Evelyn",1728000000,2396049895,High customer retention,Chen,NDA Signed
Lumen Ventures,Autonomous robotics for logistics,Series A,86000000,"Ava, Benjamin",516000000,654840304,Large TAM,Garcia,Closed
Zenith Labs,Cloud-native cybersecurity platform,Series B,120000000,"Lucas, Joan",840000000,1296889431,Strong revenue growth,Johnson,Initial Contact
Strata AI,AI-driven enterprise automation platform,Seed,138000000,"Sophia, Ethan",1656000000,2723292849,Large TAM,Chen,Initial Contact
Summit Solutions,Fintech payment infrastructure,Series B,114000000,"Mia, Lucas",570000000,885123505,Large TAM,Chen,Investment Committee Voted
Pioneer Dynamics,Generative AI content platform,Seed,114000000,"Alice, Liam",1368000000,2267386271,Proprietary technology,Smith,NDA Signed
Atlas Software,Cloud-native cybersecurity platform,Series C,110000000,"Amelia, Ava",770000000,1364582422,Strong revenue growth,Garcia,NDA Signed
Summit Networks,Generative AI content platform,Series C,45000000,"Noah, Elijah",360000000,492379855,Strategic partnerships secured,Wang,NDA Signed
Pulse Robotics,Supply chain optimization software,Pre-Seed,6000000,"Ava, Mason",60000000,73587308,Strategic partnerships secured,Kim,Closed
Fusion Tech,Cloud-native cybersecurity platform,Series C,36000000,"Amelia, Charlotte",288000000,317921046,Proprietary technology,Smith,NDA Signed
Apex Software,Computer vision for retail,Pre-Seed,87000000,"Emma, Benjamin",957000000,1439884395,Strong revenue growth,Wang,Due Diligence
Cobalt Energy,Digital health monitoring solution,Pre-Seed,91000000,"Joan, Harper",637000000,758742969,Clear path to profitability,Wang,NDA Signed
Aurora Cloud,Generative AI content platform,Pre-Seed,45000000,"Sophia, Ava",225000000,387508583,Large TAM,Chen,NDA Signed
Echo Labs,Fintech payment infrastructure,Pre-Seed,14000000,"Sophia, Joan",112000000,176327356,Large TAM,Kim,NDA Signed
Quantum Analytics,Cloud-native cybersecurity platform,Series A,5000000,"James, Evelyn",60000000,102458624,Strategic partnerships secured,Chen,Closed
Echo Tech,Clean energy storage technology,Series A,42000000,"James, Joan",336000000,416073762,High customer retention,Kim,Due Diligence
Helix Energy,Data analytics SaaS for enterprises,Pre-Seed,80000000,"Harper, Benjamin",960000000,1596222787,Experienced founding team,Kim,Due Diligence
Apex Platform,Clean energy storage technology,Series A,31000000,"Lucas, Joan",372000000,616027122,Large TAM,Kim,Initial Contact
Echo Ventures,Fintech payment infrastructure,Seed,44000000,"Noah, Harper",440000000,598341423,Experienced founding team,Wang,Investment Committee Voted
Cascade AI,Cloud-native cybersecurity platform,Pre-Seed,67000000,"Olivia, Alice",603000000,754140551,Proprietary technology,Smith,Initial Contact
Atlas Solutions,Generative AI content platform,Series C,24000000,"Emma, Benjamin",120000000,159732503,Proprietary technology,Kim,Closed
Quantum Robotics,Digital health monitoring solution,Series C,115000000,"Noah, Mia",575000000,776706556,Clear path to profitability,Chen,Dead
Nimbus Health,Computer vision for retail,Seed,96000000,"Sophia, Ethan",480000000,713847974,Experienced founding team,Kim,Investment Committee Voted
Nimbus Dynamics,Computer vision for retail,Series C,59000000,"Ethan, Isabella",708000000,901952950,Experienced founding team,Smith,Closed
Pulse Networks,Computer vision for retail,Series B,139000000,"Charlotte, Mason",695000000,867762063,Strong revenue growth,Chen,Dead
Fusion Platform,Clean energy storage technology,Seed,87000000,"Mia, Isabella",957000000,1480176536,Experienced founding team,Smith,NDA Signed
Lumen Robotics,Clean energy storage technology,Series C,16000000,"Amelia, Charlotte",96000000,114590400,High customer retention,Chen,Initial Contact
Nova Solutions,AI-driven enterprise automation platform,Seed,19000000,"Isabella, Sophia",152000000,204558819,Large TAM,Johnson,Initial Contact
Nova Platform,Clean energy storage technology,Pre-Seed,4000000,"Harper, Lucas",28000000,43869487,Clear path to profitability,Smith,Initial Contact
Pioneer Energy,Cloud-native cybersecurity platform,Series A,28000000,"Lucas, Joan",280000000,310608870,Strong revenue growth,Patel,Closed
Echo Systems,Clean energy storage technology,Series B,136000000,"Noah, James",952000000,1473352684,Strong revenue growth,Wang,Investment Committee Voted
Blue Dynamics,Computer vision for retail,Series C,26000000,"Charlotte, Benjamin",182000000,323718958,Experienced founding team,Johnson,NDA Signed
Nimbus Cloud,Data analytics SaaS for enterprises,Seed,18000000,"Joan, Liam",126000000,160164094,Strong revenue growth,Johnson,Due Diligence
Strata Tech,Cloud-native cybersecurity platform,Pre-Seed,110000000,"Emma, Evelyn",1100000000,1682436110,Strong revenue growth,Garcia,Initial Contact
Aurora Ventures,Clean energy storage technology,Series A,16000000,"Elijah, Olivia",112000000,177580582,Strategic partnerships secured,Garcia,Investment Committee Voted
Blue Networks,Autonomous robotics for logistics,Series A,27000000,"Joan, Mia",216000000,288388026,High customer retention,Garcia,NDA Signed
Orion Solutions,Clean energy storage technology,Series B,90000000,"Elijah, Charlotte",450000000,504130469,Strong revenue growth,Kim,Closed
Cascade Ventures,Digital health monitoring solution,Seed,108000000,"Amelia, James",972000000,1738028225,Proprietary technology,Chen,NDA Signed
Nova AI,Data analytics SaaS for enterprises,Pre-Seed,105000000,"Harper, Charlotte",525000000,835734023,High customer retention,Johnson,NDA Signed
